-- ============================================================
-- SmartFarm Seed Data v2 - Based on actual model structure
-- ============================================================

-- 1. SEASON
SET IDENTITY_INSERT SEASON ON;
INSERT INTO SEASON (Sid, Name, Description) VALUES
(1, N'الموسم الشتوي', N'الموسم الرئيسي للقمح والشعير والخضروات الورقية (أكتوبر - مارس)'),
(2, N'الموسم الصيفي', N'الموسم الرئيسي للأرز والذرة والخضروات الصيفية (أبريل - سبتمبر)'),
(3, N'الموسم النيلي', N'موسم زراعة الأرز والخضروات في الدلتا (مايو - أكتوبر)'),
(4, N'الموسم المعتدل', N'موسم انتقالي للخضروات المبكرة (مارس - مايو)');
SET IDENTITY_INSERT SEASON OFF;

-- 2. PLANT_STAGE
SET IDENTITY_INSERT PLANT_STAGE ON;
-- (PSid, Pid, Name_stage, Stage_order, Duration_days, Description)
INSERT INTO PLANT_STAGE (PSid, Pid, Name_stage, Stage_order, Duration_days, Description) VALUES
(1, 1, N'الإنبات', 1, 10, N'ظهور الجذور والأوليات'),
(2, 1, N'التفرعات', 2, 25, N'تكوين الأفرع الجانبية'),
(3, 1, N'السنبلة', 3, 15, N'تكوين السنابل'),
(4, 1, N'الحبوب', 4, 20, N'امتلاء الحبوب'),
(5, 1, N'النضج', 5, 10, N'الجفاف التدريجي'),
(6, 2, N'الشتلات', 1, 20, N'في المشاتل'),
(7, 2, N'الزراعة', 2, 15, N'نقل الشتلات'),
(8, 2, N'التفرع', 3, 25, N'تكوين الأفرع'),
(9, 2, N'الورود', 4, 15, N'تزهير'),
(10, 2, N'الحبوب', 5, 25, N'امتلاء الحبوب'),
(11, 2, N'النضج', 6, 10, N'تجفيف'),
(12, 3, N'الإنبات', 1, 10, N'الإنبات والأوليات'),
(13, 3, N'الأوراق', 2, 20, N'النمو الخضري'),
(14, 3, N'التزهير', 3, 15, N'تكوين العرانيص'),
(15, 3, N'الحليبي', 4, 20, N'امتلاء الحبوب'),
(16, 3, N'النضج', 5, 15, N'الجفاف'),
(17, 4, N'الشتلات', 1, 25, N'في المشاتل'),
(18, 4, N'النمو الخضري', 2, 30, N'نمو الساق والأوراق'),
(19, 4, N'التزهير', 3, 20, N'ظهور الأزهار'),
(20, 4, N'العقد', 4, 25, N'تثبيت الثمار'),
(21, 4, N'النضج', 5, 30, N'نضج الثمار'),
(22, 5, N'الإنبات', 1, 7, N'الإنبات'),
(23, 5, N'النمو', 2, 20, N'التسلق والأوراق'),
(24, 5, N'الزهور', 3, 15, N'تزهير'),
(25, 5, N'الإثمار', 4, 30, N'جمع الثمار'),
(26, 5, N'الإنتهاء', 5, 10, N'نهاية العمر'),
(27, 6, N'الإنبات', 1, 7, N'الإنبات'),
(28, 6, N'الأوراق', 2, 20, N'نمو الأوراق الكبيرة'),
(29, 6, N'الزهور', 3, 15, N'ذكر وأنثى'),
(30, 6, N'الثمار', 4, 30, N'نمو الثمار'),
(31, 6, N'النضج', 5, 10, N'نضج'),
(32, 7, N'الإنبات', 1, 10, N'الإنبات'),
(33, 7, N'الأوراق', 2, 20, N'النمو الخضري'),
(34, 7, N'الأزهار', 3, 15, N'تزهير'),
(35, 7, N'القرون', 4, 25, N'امتلاء القرون'),
(36, 7, N'الحصاد', 5, 10, N'جفاف'),
(37, 8, N'الإنبات', 1, 10, N'الإنبات'),
(38, 8, N'الأوراق', 2, 30, N'نمو الأوراق'),
(39, 8, N'البصيلة', 3, 40, N'تكوين البصيلة'),
(40, 8, N'النضج', 4, 20, N'تجفيف الأوراق'),
(41, 9, N'الشتلات', 1, 25, N'في المشاتل'),
(42, 9, N'النمو', 2, 30, N'نمو النبات'),
(43, 9, N'التزهير', 3, 20, N'الأزهار'),
(44, 9, N'العقد', 4, 30, N'الثمار'),
(45, 9, N'الحصاد', 5, 40, N'جمع مستمر');
SET IDENTITY_INSERT PLANT_STAGE OFF;

-- 3. GROWS_IN (Pid, Sid, Plant_in_season_description, Rate)
INSERT INTO GROWS_IN (Pid, Sid, Plant_in_season_description, Rate) VALUES
(1, 1, N'قمح شتوي', 1.0),
(2, 3, N'أرز نيلي', 1.0),
(2, 2, N'أرز صيفي', 0.9),
(3, 2, N'ذرة صيفية', 1.0),
(4, 2, N'طماطم صيفية', 1.0),
(4, 4, N'طماطم معتدل', 0.9),
(5, 2, N'خيار صيفي', 1.0),
(6, 2, N'بطيخ صيفي', 1.0),
(7, 1, N'فول شتوي', 1.0),
(8, 1, N'بصل شتوي', 1.0),
(9, 2, N'فلفل صيفي', 1.0);

-- 4. Disease
SET IDENTITY_INSERT Disease ON;
-- (Did, Name, Cause, Symptoms, Treatment)
INSERT INTO Disease (Did, Name, Cause, Symptoms, Treatment) VALUES
(1, N'Yellow Rust', N'فطر Puccinia striiformis', N'بقع صفراء على الأوراق', N'مبيدات فطرية'),
(2, N'Powdery Mildew', N'فطريات Erysiphe', N'طبقة بيضاء على الأوراق', N'كبريت ومبيدات'),
(3, N'Downy Mildew', N'فطر Pseudoperonospora', N'بقع صفراء تحت الأوراق', N'مبيدات نحاسية'),
(4, N'Bacterial Wilt', N'بكتيريا Ralstonia', N'ذبول مفاجئ', N'إزالة النبات المصاب'),
(5, N'Leaf Blast', N'فطر Magnaporthe', N'بقع سوداء على الأوراق', N'مبيدات فطرية'),
(6, N'Root Rot', N'فطريات التربة', N'اصفرار وذبول', N'تحسين التصريف'),
(7, N'Aphids', N'حشرات المن', N'حشرات صغيرة خضراء', N'مبيدات حشرية'),
(8, N'Whitefly', N'ذبابة بيضاء', N'ذباب أبيض صغير', N'مصائد صفراء ومبيدات'),
(9, N'Leaf Miner', N'حفار الأوراق', N'أنفاق في الأوراق', N'إزالة الأوراق المصابة'),
(10, N'Fusarium Wilt', N'فطر Fusarium', N'ذبول جانبي', N'أصناف مقاومة');
SET IDENTITY_INSERT Disease OFF;

-- 5. PLANT_IRRIGATION_TEMPLATE
SET IDENTITY_INSERT PLANT_IRRIGATION_TEMPLATE ON;
-- (FAO-56 Kc values)
INSERT INTO PLANT_IRRIGATION_TEMPLATE (PTid, Pid, PSid, Irrigation_name, Water_amount, Frequency_value, Frequency_unit, Description, Kc, p_fraction, Zr_m) VALUES
(1, 1, 1, N'ري إنبات القمح', 40, 7, N'days', N'ري خفيف', 0.30, 0.55, 0.20),
(2, 1, 2, N'ري تفرعات القمح', 50, 5, N'days', N'ري منتظم', 1.15, 0.55, 0.60),
(3, 1, 3, N'ري سنابل القمح', 55, 5, N'days', N'ري للتزهير', 1.20, 0.55, 1.00),
(4, 1, 4, N'ري نضج القمح', 30, 10, N'days', N'تقليل الري', 0.70, 0.55, 1.20),
(5, 1, 5, N'توقف الري', 0, 0, N'days', N'لا ري', 0.40, 0.55, 1.20),
(6, 2, 6, N'ري شتلات الأرز', 50, 3, N'days', N'ري منتظم', 1.10, 0.50, 0.10),
(7, 2, 7, N'ري زراعة الأرز', 60, 3, N'days', N'ري غزير', 1.20, 0.50, 0.20),
(8, 2, 8, N'ري تفرع الأرز', 55, 3, N'days', N'ري للتفرع', 1.20, 0.50, 0.40),
(9, 2, 9, N'ري ورود الأرز', 50, 3, N'days', N'ري للتزهير', 1.15, 0.50, 0.50),
(10, 2, 10, N'ري حبوب الأرز', 45, 4, N'days', N'تقليل تدريجي', 1.05, 0.50, 0.50),
(11, 2, 11, N'تجفيف الأرز', 0, 0, N'days', N'تجفيف', 0.90, 0.50, 0.50),
(12, 3, 12, N'ري إنبات الذرة', 40, 7, N'days', N'ري للإنبات', 0.30, 0.55, 0.20),
(13, 3, 13, N'ري أوراق الذرة', 50, 5, N'days', N'ري للنمو', 1.15, 0.55, 0.60),
(14, 3, 14, N'ري تزهير الذرة', 55, 5, N'days', N'ري للتزهير', 1.20, 0.55, 0.90),
(15, 3, 15, N'ري حليبي الذرة', 50, 6, N'days', N'ري للحبوب', 1.05, 0.55, 1.00),
(16, 3, 16, N'توقف ري الذرة', 0, 0, N'days', N'تجفيف', 0.50, 0.55, 1.00),
(17, 4, 17, N'ري شتلات الطماطم', 30, 3, N'days', N'ري خفيف', 0.40, 0.50, 0.15),
(18, 4, 18, N'ري نمو الطماطم', 40, 3, N'days', N'ري للبناء', 0.70, 0.50, 0.40),
(19, 4, 19, N'ري تزهير الطماطم', 45, 2, N'days', N'ري للأزهار', 1.10, 0.50, 0.60),
(20, 4, 20, N'ري عقد الطماطم', 50, 2, N'days', N'ري للثمار', 1.15, 0.50, 0.80),
(21, 4, 21, N'ري نضج الطماطم', 40, 3, N'days', N'تقليل للنضج', 0.70, 0.50, 0.90),
(22, 5, 22, N'ري إنبات الخيار', 30, 4, N'days', N'ري للإنبات', 0.30, 0.50, 0.20),
(23, 5, 23, N'ري نمو الخيار', 40, 3, N'days', N'ري للتسلق', 0.70, 0.50, 0.40),
(24, 5, 24, N'ري زهور الخيار', 45, 2, N'days', N'ري للتزهير', 1.00, 0.50, 0.50),
(25, 5, 25, N'ري إثمار الخيار', 45, 2, N'days', N'ري للثمار', 1.00, 0.50, 0.60),
(26, 5, 26, N'توقف ري الخيار', 20, 5, N'days', N'نهاية العمر', 0.75, 0.50, 0.60),
(27, 6, 27, N'ري إنبات البطيخ', 35, 5, N'days', N'ري للإنبات', 0.40, 0.50, 0.20),
(28, 6, 28, N'ري أوراق البطيخ', 45, 4, N'days', N'ري للأوراق', 0.80, 0.50, 0.50),
(29, 6, 29, N'ري زهور البطيخ', 50, 3, N'days', N'ري للتزهير', 1.00, 0.50, 0.70),
(30, 6, 30, N'ري ثمار البطيخ', 50, 3, N'days', N'ري للثمار', 1.00, 0.50, 0.90),
(31, 6, 31, N'توقف ري البطيخ', 0, 0, N'days', N'توقف للنضج', 0.60, 0.50, 1.00),
(32, 7, 32, N'ري إنبات الفول', 35, 5, N'days', N'ري للإنبات', 0.40, 0.50, 0.20),
(33, 7, 33, N'ري أوراق الفول', 40, 5, N'days', N'ري خفيف', 0.80, 0.50, 0.40),
(34, 7, 34, N'ري زهور الفول', 45, 4, N'days', N'ري للتزهير', 1.15, 0.50, 0.60),
(35, 7, 35, N'ري قرون الفول', 45, 4, N'days', N'ري للقرون', 1.05, 0.50, 0.70),
(36, 7, 36, N'توقف ري الفول', 0, 0, N'days', N'تجفيف', 0.30, 0.50, 0.70),
(37, 8, 37, N'ري إنبات البصل', 35, 5, N'days', N'ري للإنبات', 0.50, 0.50, 0.15),
(38, 8, 38, N'ري أوراق البصل', 45, 4, N'days', N'ري للأوراق', 0.95, 0.50, 0.30),
(39, 8, 39, N'ري بصيلة البصل', 50, 4, N'days', N'ري للتكوين', 1.05, 0.50, 0.30),
(40, 8, 40, N'تجفيف البصل', 0, 0, N'days', N'تجفيف', 0.75, 0.50, 0.30),
(41, 9, 41, N'ري شتلات الفلفل', 30, 3, N'days', N'ري للشتلات', 0.40, 0.50, 0.15),
(42, 9, 42, N'ري نمو الفلفل', 40, 3, N'days', N'ري للنمو', 0.70, 0.50, 0.35),
(43, 9, 43, N'ري تزهير الفلفل', 45, 2, N'days', N'ري للأزهار', 1.05, 0.50, 0.50),
(44, 9, 44, N'ري عقد الفلفل', 50, 2, N'days', N'ري للثمار', 1.05, 0.50, 0.60),
(45, 9, 45, N'ري نضج الفلفل', 40, 3, N'days', N'تقليل للحصاد', 0.90, 0.50, 0.60);
SET IDENTITY_INSERT PLANT_IRRIGATION_TEMPLATE OFF;

PRINT N'Seed data inserted successfully!';
